{"cameraMode":{"drawMode":0,"name":"Shaded","section":"Shading Mode"},"sceneLighting":false,"audioPlay":false,"sceneViewState":{"m_AlwaysRefresh":false,"showFog":true,"showSkybox":false,"showFlares":true,"showImageEffects":true,"showParticleSystems":true,"showVisualEffectGraphs":true,"m_FxEnabled":true},"in2DMode":false,"pivot":{"x":0.00914698839187622,"y":1.131176471710205,"z":-0.00024247169494628906},"rotation":{"x":0.2170964479446411,"y":0.5763847231864929,"z":-0.16231705248355866,"w":0.7709226012229919},"size":1.787662148475647,"orthographic":true}