{"cameraMode":{"drawMode":0,"name":"Shaded","section":"Shading Mode"},"sceneLighting":true,"audioPlay":false,"sceneViewState":{"m_AlwaysRefresh":false,"showFog":true,"showSkybox":true,"showFlares":true,"showImageEffects":true,"showParticleSystems":true,"showVisualEffectGraphs":true,"m_FxEnabled":true},"in2DMode":false,"pivot":{"x":0.0000012516975402832032,"y":43.220001220703128,"z":-12.421561241149903},"rotation":{"x":0.003237600438296795,"y":0.7020208239555359,"z":-0.003124773036688566,"w":0.7121829390525818},"size":0.953483521938324,"orthographic":true}